{
  "initialization_time_planning": 0.11688971519470215,
  "execution_time_planning": 20.264673948287964,
  "total_time": 20.381563663482666
}