{
  "initialization_time_planning": 0.12199068069458008,
  "execution_time_planning": 17.082327604293823,
  "total_time": 17.204318284988403
}