{
  "initialization_time_control": 0.1367347240447998,
  "execution_time_control": 13.36789321899414,
  "total_time": 13.50462794303894
}