{
  "initialization_time_control": 0.14111065864562988,
  "execution_time_control": 17.323938608169556,
  "total_time": 17.465049266815186
}