{
  "initialization_time_control": 0.439453125,
  "execution_time_control": 13.822273254394531,
  "total_time": 14.261726379394531
}