{
  "initialization_time_control": 0.09909725189208984,
  "execution_time_control": 15.768337965011597,
  "total_time": 15.867435216903687
}