{
  "initialization_time_control": 0.09635496139526367,
  "execution_time_control": 15.13993525505066,
  "total_time": 15.236290216445923
}