{
  "initialization_time_control": 0.09871363639831543,
  "execution_time_control": 14.28730058670044,
  "total_time": 14.386014223098755
}