{
  "initialization_time_control": 0.14166045188903809,
  "execution_time_control": 16.11600160598755,
  "total_time": 16.257662057876587
}