{
  "initialization_time_control": 0.09781217575073242,
  "execution_time_control": 17.034326553344727,
  "total_time": 17.13213872909546
}