{
  "initialization_time_control": 0.10317659378051758,
  "execution_time_control": 14.42112398147583,
  "total_time": 14.524300575256348
}