{
  "initialization_time_control": 0.11234426498413086,
  "execution_time_control": 14.851311922073364,
  "total_time": 14.963656187057495
}