{
  "initialization_time_control": 0.11026930809020996,
  "execution_time_control": 33.21591806411743,
  "total_time": 33.32618737220764
}