{
  "initialization_time_control": 0.15713930130004883,
  "execution_time_control": 15.672402620315552,
  "total_time": 15.8295419216156
}