{
  "initialization_time_planning": 0.15341734886169434,
  "execution_time_planning": 15.295893669128418,
  "total_time": 15.449311017990112
}