{
  "initialization_time_planning": 0.14442110061645508,
  "execution_time_planning": 17.01032018661499,
  "total_time": 17.154741287231445
}