{
  "initialization_time_control": 0.10880827903747559,
  "execution_time_control": 15.47731328010559,
  "total_time": 15.586121559143066
}