{
  "initialization_time_control": 0.11569070816040039,
  "execution_time_control": 16.527559995651245,
  "total_time": 16.643250703811646
}