{
  "initialization_time_control": 0.15295028686523438,
  "execution_time_control": 17.496381282806396,
  "total_time": 17.64933156967163
}