{
  "initialization_time_planning": 0.13942742347717285,
  "execution_time_planning": 16.69429087638855,
  "total_time": 16.833718299865723
}