{
  "initialization_time_control": 0.1096339225769043,
  "execution_time_control": 13.152562379837036,
  "total_time": 13.26219630241394
}