{
  "initialization_time_control": 0.1174314022064209,
  "execution_time_control": 68.23569703102112,
  "total_time": 68.35312843322754
}