{
  "initialization_time_control": 0.15218615531921387,
  "execution_time_control": 15.984379768371582,
  "total_time": 16.136565923690796
}