{
  "initialization_time_planning": 0.10809445381164551,
  "execution_time_planning": 14.897260427474976,
  "total_time": 15.005354881286621
}