{"1": {"mean_m": 40.328033111077374, "std_m": 0.11269155561175029, "mean_b": 3.6012428654044264, "std_b": 0.17170863911191664}, "2": {"mean_m": 12.73642062253244, "std_m": 0.4804185303667049, "mean_b": 4.401157653230648, "std_b": 0.9738429130323174}, "3": {"mean_m": 24.25678977576915, "std_m": 0.0632232614621853, "mean_b": 0.9935482496439766, "std_b": 0.27311640305012824}, "4": {"mean_m": 29.761006947006386, "std_m": 0.6119249794030106, "mean_b": 17.677459112539722, "std_b": 1.9476271959950575}, "5": {"mean_m": 10.589559796244666, "std_m": 0.0914828394880739, "mean_b": 1.744377038152616, "std_b": 0.16395698643783438}, "6": {"mean_m": 26.5401578429641, "std_m": 0.2647632583806101, "mean_b": 10.361326710031632, "std_b": 1.39763566630429}, "7": {"mean_m": 1.2995932784798863, "std_m": 0.015465368749694106, "mean_b": 0.2596640921505006, "std_b": 0.05254174765551355}, "8": {"mean_m": 68.86031064636578, "std_m": 0.7001077690691347, "mean_b": 22.792351154042123, "std_b": 3.0323672057497437}, "9": {"mean_m": 59.997937737635226, "std_m": 0.6504597438251747, "mean_b": 19.43031356668169, "std_b": 2.3634887891187835}, "10": {"mean_m": 3.68254195207149, "std_m": 0.06432641078714545, "mean_b": 0.4678514983871024, "std_b": 0.09583168937794169}, "11": {"mean_m": 3.266358277992858, "std_m": 0.05122624355177757, "mean_b": 2.008428751133147, "std_b": 0.252244408185286}, "12": {"mean_m": 14.865658192823831, "std_m": 0.5063357921507387, "mean_b": 7.082321013082929, "std_b": 1.9138043466591184}, "13": {"mean_m": 4.160360958983522, "std_m": 0.21791350132167867, "mean_b": 2.0747760511210247, "std_b": 0.8176659310546016}, "14": {"mean_m": 50.887478230701035, "std_m": 0.23170077513074322, "mean_b": 28.01972379603339, "std_b": 1.3388348686093734}, "15": {"mean_m": 44.28948620783959, "std_m": 0.25646408521775677, "mean_b": 15.948601384007711, "std_b": 0.5787147663289862}, "16": {"mean_m": 34.36405462464342, "std_m": 0.3884250241223625, "mean_b": 19.96356278415254, "std_b": 1.2864713660843414}, "17": {"mean_m": 10.956463820466077, "std_m": 0.0748772581286227, "mean_b": 0.798890428548611, "std_b": 0.14100089376371377}, "18": {"mean_m": 4.7229095978790845, "std_m": 0.0966460656289211, "mean_b": 0.586621342436774, "std_b": 0.17055736148390294}, "19": {"mean_m": 56.0117072931617, "std_m": 0.13563720827627285, "mean_b": 2.525856221533309, "std_b": 0.38871380038201825}, "20": {"mean_m": 18.55768386964837, "std_m": 0.17774925832716515, "mean_b": 4.022674035599581, "std_b": 0.5770470700807554}}