{
  "initialization_time_planning": 0.5214300155639648,
  "execution_time_planning": 16.63117480278015,
  "total_time": 17.152604818344116
}